id,fullname,taxnumber
1a79a4d6-7e3b-4f2b-8c3d-1f4e5d6c7b8a,John Doe,123-45-6789
2b8c9d0e-1f2a-4b3c-9d0e-2f3a4b5c6d7e,Jane Smith,987-65-4321
3c9d0e1f-2a3b-4c5d-6e7f-3a4b5c6d7e8f,Emily Johnson,456-78-9123
4d0e1f2a-3b4c-5d6e-7f8a-4b5c6d7e8f9g,Michael Brown,321-54-9876
5e1f2a3b-4c5d-6e7f-8a9b-5c6d7e8f9g0h,Sarah Davis,654-32-1098
6f2a3b4c-5d6e-7f8a-9b0c-6d7e8f9g0h1i,David Wilson,789-12-3456
7g3b4c5d-6e7f-8a9b-0c1d-7e8f9g0h1i2j,Laura Martinez,210-98-7654
8h4c5d6e-7f8a-9b0c-1d2e-8f9g0h1i2j3k,James Anderson,432-10-9876
9i5d6e7f-8a9b-0c1d-2e3f-9g0h1i2j3k4l,Linda Taylor,876-54-3210
0j6e7f8a-9b0c-1d2e-3f4g-0h1i2j3k4l5m,Robert Thomas,543-21-6789